Keyboard;Mode;Ordre;Participant;Phrase;NbChar;Duree;Correct;NbErrors;NbPredictionUsed;predCharRatio;CharParSec;Distance;KSPC;centerKeyDistanceMean
PRED;TRAIN;PRED_NOPRED;1;MES;3;3.916;true;0;0;0.0%;0.7660878447395302;297.38286236296113;1.0;11.234111509729823
PRED;TRAIN;PRED_NOPRED;1;PARENTS;7;9.572;true;0;3;42.857143%;0.7312996239030506;787.9067444590672;1.0;12.747871206108071
PRED;TRAIN;PRED_NOPRED;1;SONT;4;12.724;true;0;3;75.0%;0.31436655139893116;932.045032309805;1.0;11.65758872560364
PRED;TRAIN;PRED_NOPRED;1;VIEUX;5;18.766;true;0;3;60.000004%;0.26643930512629227;1287.7590816503405;1.0;12.276345042580784
PRED;TRAIN;PRED_NOPRED;1;MAINTENANT;10;25.167;true;0;7;70.0%;0.39734573052012556;1577.3909772170687;1.0;6.729823038140464